,index_building,index_room,n_connections,area,isovistArea,building_type
0,0,0,2,4769,2268,Mosques
1,0,1,10,1363,719,Mosques
2,0,2,5,832,712,Mosques
3,0,3,2,415,435,Mosques
4,0,4,5,290,785,Mosques
5,0,5,2,282,100,Mosques
6,0,6,7,250,487,Mosques
7,0,7,19,194,2,Mosques
8,0,8,2,165,833,Mosques
9,0,9,2,59,205,Mosques
10,0,10,2,57,0,Mosques
11,0,11,2,46,93,Mosques
12,0,12,1,44,359,Mosques
13,0,13,2,25,59,Mosques
14,0,14,3,24,679,Mosques
15,0,15,1,24,27,Mosques
16,0,16,4,22,79,Mosques
17,0,17,1,11,85,Mosques
18,0,18,1,11,92,Mosques
19,0,19,1,11,154,Mosques
20,0,20,1,11,153,Mosques
21,0,21,1,11,53,Mosques
22,0,22,1,11,24,Mosques
23,0,23,1,11,69,Mosques
24,0,24,1,11,59,Mosques
25,0,25,2,11,96,Mosques
26,0,26,1,11,24,Mosques
27,0,27,1,11,97,Mosques
28,0,28,1,11,70,Mosques
29,0,29,2,11,53,Mosques
30,0,30,1,11,59,Mosques
31,0,31,1,10,82,Mosques
32,0,32,1,10,80,Mosques
33,0,33,2,8,21,Mosques
34,0,34,2,7,1361,Mosques
35,0,35,2,6,15,Mosques
0,1,0,10,23162,65078,Mosques
1,1,1,6,7508,46120,Mosques
2,1,2,11,6463,5676,Mosques
3,1,3,9,987,2190,Mosques
4,1,4,10,592,959,Mosques
5,1,5,2,569,575,Mosques
6,1,6,1,391,947,Mosques
7,1,7,1,322,305,Mosques
8,1,8,1,299,1489,Mosques
9,1,9,1,299,1488,Mosques
10,1,10,6,294,868,Mosques
11,1,11,2,273,1016,Mosques
12,1,12,2,262,3443,Mosques
13,1,13,22,233,1593,Mosques
14,1,14,1,187,472,Mosques
15,1,15,5,164,860,Mosques
16,1,16,2,151,1373,Mosques
17,1,17,2,151,1272,Mosques
18,1,18,1,150,100,Mosques
19,1,19,7,128,398,Mosques
20,1,20,5,121,344,Mosques
21,1,21,5,121,329,Mosques
22,1,22,9,113,876,Mosques
23,1,23,2,60,26396,Mosques
24,1,24,1,57,58,Mosques
25,1,25,1,57,55,Mosques
26,1,26,2,56,148,Mosques
27,1,27,1,56,58,Mosques
28,1,28,1,45,45,Mosques
29,1,29,1,42,56,Mosques
30,1,30,1,42,49,Mosques
31,1,31,4,40,317,Mosques
32,1,32,1,29,67,Mosques
33,1,33,1,27,809,Mosques
34,1,34,1,27,771,Mosques
35,1,35,1,27,744,Mosques
36,1,36,1,27,704,Mosques
37,1,37,3,25,196,Mosques
38,1,38,3,25,194,Mosques
39,1,39,2,24,209,Mosques
40,1,40,2,23,207,Mosques
41,1,41,2,23,209,Mosques
42,1,42,2,23,209,Mosques
43,1,43,1,23,24,Mosques
44,1,44,2,22,524,Mosques
45,1,45,2,21,42536,Mosques
46,1,46,1,21,83,Mosques
47,1,47,1,21,46,Mosques
48,1,48,1,21,46,Mosques
49,1,49,1,21,45,Mosques
50,1,50,1,21,56,Mosques
51,1,51,1,20,40,Mosques
52,1,52,1,20,43,Mosques
53,1,53,1,20,43,Mosques
54,1,54,1,20,43,Mosques
55,1,55,1,20,36,Mosques
56,1,56,1,20,37,Mosques
57,1,57,1,20,27,Mosques
58,1,58,1,20,25,Mosques
59,1,59,2,19,39,Mosques
60,1,60,1,19,38,Mosques
61,1,61,1,19,43,Mosques
62,1,62,1,18,90,Mosques
63,1,63,2,18,16853,Mosques
64,1,64,1,16,17,Mosques
65,1,65,1,16,17,Mosques
66,1,66,1,16,17,Mosques
67,1,67,1,16,17,Mosques
68,1,68,1,16,26,Mosques
69,1,69,1,16,26,Mosques
70,1,70,1,16,26,Mosques
71,1,71,1,16,26,Mosques
72,1,72,1,16,188,Mosques
73,1,73,1,16,188,Mosques
74,1,74,1,16,18,Mosques
75,1,75,1,16,79,Mosques
76,1,76,1,14,62,Mosques
77,1,77,1,14,23,Mosques
78,1,78,1,14,55,Mosques
79,1,79,1,14,54,Mosques
80,1,80,1,14,91,Mosques
81,1,81,1,14,88,Mosques
82,1,82,1,14,99,Mosques
83,1,83,1,14,98,Mosques
84,1,84,1,13,77,Mosques
85,1,85,1,13,81,Mosques
86,1,86,1,13,80,Mosques
87,1,87,1,13,70,Mosques
88,1,88,1,13,61,Mosques
89,1,89,1,13,68,Mosques
90,1,90,1,13,24,Mosques
91,1,91,1,13,22,Mosques
92,1,92,1,10,865,Mosques
93,1,93,1,7,490,Mosques
94,1,94,2,7,18638,Mosques
0,2,0,29,49259,21699,Mosques
1,2,1,13,3970,1953,Mosques
2,2,2,12,2547,2958,Mosques
3,2,3,13,883,893,Mosques
4,2,4,8,539,804,Mosques
5,2,5,10,227,363,Mosques
6,2,6,9,200,639,Mosques
7,2,7,3,189,160,Mosques
8,2,8,3,189,160,Mosques
9,2,9,10,167,431,Mosques
10,2,10,2,166,476,Mosques
11,2,11,8,151,241,Mosques
12,2,12,9,137,2835,Mosques
13,2,13,18,130,263,Mosques
14,2,14,13,107,876,Mosques
15,2,15,2,99,525,Mosques
16,2,16,5,86,3212,Mosques
17,2,17,4,69,2057,Mosques
18,2,18,3,57,60,Mosques
19,2,19,2,57,62,Mosques
20,2,20,2,42,73,Mosques
21,2,21,2,39,104,Mosques
22,2,22,2,39,59,Mosques
23,2,23,1,36,36,Mosques
24,2,24,4,28,803,Mosques
25,2,25,2,28,167,Mosques
26,2,26,1,27,3261,Mosques
27,2,27,3,27,27,Mosques
28,2,28,2,26,28,Mosques
29,2,29,4,26,863,Mosques
30,2,30,2,25,127,Mosques
31,2,31,2,25,185,Mosques
32,2,32,2,25,82,Mosques
33,2,33,3,25,78,Mosques
34,2,34,2,25,26,Mosques
35,2,35,2,25,54,Mosques
36,2,36,2,24,30,Mosques
37,2,37,1,18,1583,Mosques
38,2,38,3,17,51,Mosques
39,2,39,5,17,24,Mosques
40,2,40,4,17,19,Mosques
41,2,41,8,16,14,Mosques
42,2,42,3,14,532,Mosques
43,2,43,1,14,21,Mosques
44,2,44,1,13,58,Mosques
45,2,45,1,12,437,Mosques
46,2,46,3,12,13,Mosques
47,2,47,3,12,78,Mosques
48,2,48,7,12,43,Mosques
49,2,49,2,10,16,Mosques
50,2,50,2,10,35,Mosques
51,2,51,2,10,20,Mosques
52,2,52,2,10,35,Mosques
53,2,53,1,10,48,Mosques
54,2,54,3,10,12,Mosques
55,2,55,3,10,31,Mosques
56,2,56,2,10,55,Mosques
57,2,57,2,10,51,Mosques
58,2,58,2,10,48,Mosques
59,2,59,1,10,41,Mosques
60,2,60,2,10,66,Mosques
61,2,61,1,10,72,Mosques
62,2,62,1,9,44,Mosques
63,2,63,2,9,71,Mosques
64,2,64,2,9,58,Mosques
65,2,65,2,9,41,Mosques
66,2,66,2,9,176,Mosques
67,2,67,2,9,15,Mosques
68,2,68,2,9,610,Mosques
69,2,69,2,9,21,Mosques
70,2,70,2,9,22,Mosques
71,2,71,2,9,16,Mosques
72,2,72,2,9,487,Mosques
73,2,73,2,9,619,Mosques
74,2,74,2,9,606,Mosques
75,2,75,3,8,458,Mosques
76,2,76,1,8,499,Mosques
77,2,77,7,7,232,Mosques
78,2,78,1,6,16,Mosques
79,2,79,1,6,16,Mosques
80,2,80,2,5,34,Mosques
81,2,81,2,5,42,Mosques
82,2,82,2,4,5,Mosques
83,2,83,2,4,6,Mosques
84,2,84,2,4,17,Mosques
85,2,85,1,4,46,Mosques
86,2,86,1,4,538,Mosques
87,2,87,1,4,311,Mosques
88,2,88,2,4,6,Mosques
89,2,89,1,4,98,Mosques
90,2,90,2,4,21,Mosques
91,2,91,1,4,14,Mosques
92,2,92,2,4,35,Mosques
93,2,93,3,3,126,Mosques
94,2,94,2,3,1158,Mosques
95,2,95,1,2,4,Mosques
96,2,96,1,2,4,Mosques
97,2,97,1,2,7,Mosques
98,2,98,1,2,7,Mosques
99,2,99,1,2,7,Mosques
100,2,100,1,2,7,Mosques
101,2,101,1,2,5,Mosques
102,2,102,1,2,5,Mosques
103,2,103,1,2,4,Mosques
104,2,104,1,2,4,Mosques
105,2,105,1,2,5,Mosques
106,2,106,1,2,6,Mosques
107,2,107,1,2,6,Mosques
108,2,108,1,2,5,Mosques
109,2,109,2,2,5,Mosques
110,2,110,2,2,6,Mosques
111,2,111,1,2,3,Mosques
112,2,112,1,2,3,Mosques
113,2,113,1,2,3,Mosques
114,2,114,1,2,3,Mosques
115,2,115,1,2,3,Mosques
116,2,116,1,2,3,Mosques
117,2,117,1,2,3,Mosques
118,2,118,1,2,3,Mosques
119,2,119,2,2,1082,Mosques
120,2,120,1,2,42,Mosques
121,2,121,2,2,44,Mosques
122,2,122,2,1,1,Mosques
123,2,123,2,1,1,Mosques
124,2,124,2,1,1,Mosques
125,2,125,2,1,1,Mosques
126,2,126,2,1,1,Mosques
127,2,127,2,1,1,Mosques
128,2,128,2,1,1968,Mosques
129,2,129,1,1,438,Mosques
0,3,0,64,17771,10780,Mosques
1,3,1,5,835,30584,Mosques
2,3,2,5,182,13006,Mosques
3,3,3,2,168,775,Mosques
4,3,4,4,107,18309,Mosques
5,3,5,4,98,120,Mosques
6,3,6,2,97,3612,Mosques
7,3,7,2,61,44072,Mosques
8,3,8,6,60,1807,Mosques
9,3,9,2,53,1495,Mosques
10,3,10,1,51,29733,Mosques
11,3,11,2,49,18197,Mosques
12,3,12,1,48,29033,Mosques
13,3,13,1,48,28684,Mosques
14,3,14,1,48,28684,Mosques
15,3,15,1,41,26233,Mosques
16,3,16,1,38,9465,Mosques
17,3,17,2,33,34060,Mosques
18,3,18,1,31,33360,Mosques
19,3,19,1,23,25858,Mosques
20,3,20,1,21,24461,Mosques
21,3,21,1,20,2823,Mosques
22,3,22,1,20,2823,Mosques
23,3,23,2,20,201,Mosques
24,3,24,2,20,201,Mosques
25,3,25,1,20,10679,Mosques
26,3,26,3,19,189,Mosques
27,3,27,1,19,586,Mosques
28,3,28,1,19,11417,Mosques
29,3,29,1,19,252,Mosques
30,3,30,1,19,252,Mosques
31,3,31,1,19,906,Mosques
32,3,32,1,19,1246,Mosques
33,3,33,1,19,897,Mosques
34,3,34,1,19,898,Mosques
35,3,35,2,19,897,Mosques
36,3,36,1,19,177,Mosques
37,3,37,1,19,163,Mosques
38,3,38,2,19,163,Mosques
39,3,39,2,19,163,Mosques
40,3,40,2,19,163,Mosques
41,3,41,2,19,162,Mosques
42,3,42,1,19,162,Mosques
43,3,43,2,19,162,Mosques
44,3,44,2,19,162,Mosques
45,3,45,2,19,161,Mosques
46,3,46,2,19,161,Mosques
47,3,47,2,19,161,Mosques
48,3,48,1,19,161,Mosques
49,3,49,1,19,162,Mosques
50,3,50,2,19,162,Mosques
51,3,51,2,19,162,Mosques
52,3,52,2,19,162,Mosques
53,3,53,2,18,181,Mosques
54,3,54,2,18,159,Mosques
55,3,55,2,18,161,Mosques
56,3,56,2,18,159,Mosques
57,3,57,2,18,161,Mosques
58,3,58,3,18,180,Mosques
59,3,59,1,18,159,Mosques
60,3,60,2,18,159,Mosques
61,3,61,2,18,171,Mosques
62,3,62,2,18,159,Mosques
63,3,63,2,18,172,Mosques
64,3,64,2,18,159,Mosques
65,3,65,4,18,42,Mosques
66,3,66,4,18,42,Mosques
67,3,67,2,17,153,Mosques
68,3,68,2,17,4675,Mosques
69,3,69,2,17,4675,Mosques
70,3,70,1,15,10411,Mosques
71,3,71,2,8,9,Mosques
72,3,72,1,8,9,Mosques
73,3,73,1,8,8,Mosques
74,3,74,2,8,8,Mosques
0,4,0,1,2061,67181,Mosques
1,4,1,4,1207,850,Mosques
2,4,2,1,111,107,Mosques
3,4,3,1,57,58,Mosques
0,5,0,2,2976,27434,Mosques
1,5,1,1,225,3042,Mosques
2,5,2,11,207,935,Mosques
3,5,3,2,61,53575,Mosques
4,5,4,1,11,16,Mosques
5,5,5,1,11,16,Mosques
6,5,6,1,11,14,Mosques
7,5,7,1,11,14,Mosques
8,5,8,1,11,14,Mosques
9,5,9,1,11,14,Mosques
10,5,10,1,11,17,Mosques
11,5,11,1,11,17,Mosques
12,5,12,1,10,11,Mosques
13,5,13,1,10,11,Mosques
0,6,0,1,885,65016,Mosques
1,6,1,1,274,361,Mosques
2,6,2,5,272,436,Mosques
3,6,3,1,149,198,Mosques
4,6,4,3,87,162,Mosques
5,6,5,6,66,404,Mosques
6,6,6,2,31,116,Mosques
7,6,7,1,9,44,Mosques
8,6,8,1,6,204,Mosques
9,6,9,2,3,286,Mosques
0,7,0,1,1705,656,Mosques
1,7,1,23,353,466,Mosques
2,7,2,4,173,387,Mosques
3,7,3,2,68,188,Mosques
4,7,4,2,29,43,Mosques
5,7,5,3,29,85,Mosques
6,7,6,8,24,25,Mosques
7,7,7,3,21,154,Mosques
8,7,8,2,17,24,Mosques
9,7,9,1,11,69,Mosques
10,7,10,3,10,86,Mosques
11,7,11,1,10,92,Mosques
12,7,12,2,9,54,Mosques
13,7,13,1,9,103,Mosques
14,7,14,1,9,83,Mosques
15,7,15,2,9,15,Mosques
16,7,16,1,8,10,Mosques
17,7,17,3,7,19,Mosques
18,7,18,3,6,85,Mosques
19,7,19,3,5,131,Mosques
20,7,20,1,5,134,Mosques
21,7,21,1,5,141,Mosques
22,7,22,1,5,127,Mosques
23,7,23,1,5,138,Mosques
24,7,24,1,5,137,Mosques
25,7,25,3,4,167,Mosques
26,7,26,1,4,147,Mosques
27,7,27,1,4,152,Mosques
28,7,28,1,4,140,Mosques
29,7,29,1,4,153,Mosques
30,7,30,1,4,142,Mosques
31,7,31,1,4,152,Mosques
32,7,32,1,4,117,Mosques
33,7,33,1,4,108,Mosques
34,7,34,1,2,6,Mosques
35,7,35,1,2,5,Mosques
36,7,36,1,2,5,Mosques
37,7,37,1,2,5,Mosques
38,7,38,1,2,4,Mosques
39,7,39,1,2,4,Mosques
40,7,40,1,2,4,Mosques
41,7,41,1,1,6,Mosques
42,7,42,1,1,17,Mosques
0,8,0,30,22940,2794,Mosques
1,8,1,26,10153,6145,Mosques
2,8,2,3,2191,1649,Mosques
3,8,3,8,952,1372,Mosques
4,8,4,7,819,1573,Mosques
5,8,5,1,541,1310,Mosques
6,8,6,4,525,1531,Mosques
7,8,7,2,365,1657,Mosques
8,8,8,26,338,675,Mosques
9,8,9,2,268,280,Mosques
10,8,10,4,245,584,Mosques
11,8,11,3,242,173,Mosques
12,8,12,12,224,619,Mosques
13,8,13,1,202,92,Mosques
14,8,14,2,88,231,Mosques
15,8,15,7,67,883,Mosques
16,8,16,8,67,942,Mosques
17,8,17,2,65,236,Mosques
18,8,18,1,57,137,Mosques
19,8,19,8,57,68,Mosques
20,8,20,1,55,55,Mosques
21,8,21,3,44,153,Mosques
22,8,22,4,44,316,Mosques
23,8,23,2,44,125,Mosques
24,8,24,3,44,152,Mosques
25,8,25,3,44,107,Mosques
26,8,26,2,44,126,Mosques
27,8,27,3,44,120,Mosques
28,8,28,2,44,126,Mosques
29,8,29,2,40,3036,Mosques
30,8,30,2,30,69,Mosques
31,8,31,5,25,23,Mosques
32,8,32,2,24,589,Mosques
33,8,33,3,24,368,Mosques
34,8,34,2,24,1040,Mosques
35,8,35,2,24,1005,Mosques
36,8,36,3,24,443,Mosques
37,8,37,3,24,1134,Mosques
38,8,38,2,24,429,Mosques
39,8,39,2,24,1194,Mosques
40,8,40,4,22,22,Mosques
41,8,41,1,20,475,Mosques
42,8,42,1,20,573,Mosques
43,8,43,4,18,844,Mosques
44,8,44,1,18,840,Mosques
45,8,45,1,18,840,Mosques
46,8,46,1,16,1978,Mosques
47,8,47,1,16,551,Mosques
48,8,48,3,13,1524,Mosques
49,8,49,2,12,51,Mosques
50,8,50,1,12,82,Mosques
51,8,51,1,12,51,Mosques
52,8,52,1,12,88,Mosques
53,8,53,1,12,51,Mosques
54,8,54,1,12,51,Mosques
55,8,55,1,12,2154,Mosques
56,8,56,1,12,502,Mosques
57,8,57,1,12,871,Mosques
58,8,58,1,12,2171,Mosques
59,8,59,1,12,1006,Mosques
60,8,60,1,11,2071,Mosques
61,8,61,1,11,45,Mosques
62,8,62,1,11,15,Mosques
63,8,63,2,11,141,Mosques
64,8,64,1,11,139,Mosques
65,8,65,1,11,43,Mosques
66,8,66,1,11,15,Mosques
67,8,67,1,11,50,Mosques
68,8,68,1,11,88,Mosques
69,8,69,1,11,139,Mosques
70,8,70,1,11,152,Mosques
71,8,71,1,11,154,Mosques
72,8,72,1,11,143,Mosques
73,8,73,1,11,145,Mosques
74,8,74,1,11,114,Mosques
75,8,75,1,7,1260,Mosques
76,8,76,1,4,7,Mosques
77,8,77,1,4,7,Mosques
78,8,78,1,4,17,Mosques
79,8,79,2,4,19,Mosques
80,8,80,2,4,7,Mosques
81,8,81,1,4,14,Mosques
82,8,82,2,4,10,Mosques
83,8,83,2,4,7,Mosques
84,8,84,1,4,21,Mosques
85,8,85,1,4,9,Mosques
86,8,86,3,1,6,Mosques
87,8,87,3,1,3,Mosques
88,8,88,3,1,3,Mosques
0,9,0,2,7224,2432,Mosques
1,9,1,1,1188,1654,Mosques
2,9,2,10,357,1052,Mosques
3,9,3,1,209,218,Mosques
4,9,4,1,208,208,Mosques
5,9,5,1,197,198,Mosques
6,9,6,1,61,224,Mosques
7,9,7,1,60,60,Mosques
8,9,8,1,37,87,Mosques
9,9,9,2,28,1331,Mosques
10,9,10,2,20,311,Mosques
11,9,11,1,20,30,Mosques
12,9,12,1,20,251,Mosques
13,9,13,1,20,263,Mosques
0,10,0,8,20250,44001,Mosques
1,10,1,7,1072,2162,Mosques
2,10,2,1,990,1932,Mosques
3,10,3,3,849,3500,Mosques
4,10,4,2,520,1295,Mosques
5,10,5,5,505,5768,Mosques
6,10,6,2,416,539,Mosques
7,10,7,10,332,1414,Mosques
8,10,8,1,328,553,Mosques
9,10,9,5,251,33180,Mosques
10,10,10,9,234,1452,Mosques
11,10,11,5,182,36995,Mosques
12,10,12,1,171,30851,Mosques
13,10,13,8,142,1521,Mosques
14,10,14,5,134,1414,Mosques
15,10,15,1,134,128,Mosques
16,10,16,2,129,131,Mosques
17,10,17,2,119,34861,Mosques
18,10,18,2,112,1268,Mosques
19,10,19,2,105,623,Mosques
20,10,20,1,60,290,Mosques
21,10,21,1,60,240,Mosques
22,10,22,1,60,267,Mosques
23,10,23,2,59,525,Mosques
24,10,24,1,55,62,Mosques
25,10,25,1,54,213,Mosques
26,10,26,1,51,262,Mosques
27,10,27,2,44,27095,Mosques
28,10,28,2,41,9534,Mosques
29,10,29,1,41,59,Mosques
30,10,30,3,40,278,Mosques
31,10,31,1,39,3905,Mosques
32,10,32,1,38,82,Mosques
33,10,33,1,37,386,Mosques
34,10,34,2,37,6867,Mosques
35,10,35,1,36,5316,Mosques
36,10,36,1,35,49,Mosques
37,10,37,4,35,357,Mosques
38,10,38,1,34,199,Mosques
39,10,39,2,34,202,Mosques
40,10,40,3,34,292,Mosques
41,10,41,1,33,190,Mosques
42,10,42,2,31,240,Mosques
43,10,43,1,30,181,Mosques
44,10,44,1,30,292,Mosques
45,10,45,2,29,205,Mosques
46,10,46,1,29,3894,Mosques
47,10,47,1,29,6334,Mosques
48,10,48,1,29,43,Mosques
49,10,49,1,28,235,Mosques
50,10,50,1,28,6670,Mosques
51,10,51,4,26,812,Mosques
52,10,52,1,26,4009,Mosques
53,10,53,4,25,890,Mosques
54,10,54,1,24,32,Mosques
55,10,55,1,24,37,Mosques
56,10,56,1,24,37,Mosques
57,10,57,1,24,1658,Mosques
58,10,58,2,23,386,Mosques
59,10,59,1,23,6013,Mosques
60,10,60,3,21,1239,Mosques
61,10,61,2,21,12,Mosques
62,10,62,1,21,5266,Mosques
63,10,63,2,20,335,Mosques
64,10,64,2,20,602,Mosques
65,10,65,2,20,219,Mosques
66,10,66,2,20,3349,Mosques
67,10,67,3,20,896,Mosques
68,10,68,1,19,178,Mosques
69,10,69,2,19,440,Mosques
70,10,70,1,19,203,Mosques
71,10,71,3,17,422,Mosques
72,10,72,1,13,240,Mosques
73,10,73,3,10,84,Mosques
0,11,0,4,8151,191,Mosques
1,11,1,6,293,669,Mosques
2,11,2,2,162,354,Mosques
3,11,3,2,156,733,Mosques
4,11,4,1,124,705,Mosques
5,11,5,2,20,0,Mosques
6,11,6,2,18,2,Mosques
7,11,7,2,13,1,Mosques
8,11,8,2,12,1,Mosques
0,12,0,20,4545,1555,Mosques
1,12,1,1,234,497,Mosques
2,12,2,16,146,847,Mosques
3,12,3,2,60,941,Mosques
4,12,4,1,24,248,Mosques
5,12,5,2,19,102,Mosques
6,12,6,2,19,77,Mosques
7,12,7,1,14,634,Mosques
8,12,8,2,13,24,Mosques
9,12,9,2,13,48,Mosques
10,12,10,2,12,114,Mosques
11,12,11,2,12,105,Mosques
12,12,12,2,12,30,Mosques
13,12,13,2,12,65,Mosques
14,12,14,2,12,24,Mosques
15,12,15,2,12,65,Mosques
16,12,16,2,12,105,Mosques
17,12,17,2,12,53,Mosques
18,12,18,2,12,48,Mosques
19,12,19,2,12,228,Mosques
20,12,20,2,12,92,Mosques
21,12,21,1,1,160,Mosques
0,13,0,2,2424,76952,Mosques
1,13,1,4,563,3737,Mosques
2,13,2,2,517,432,Mosques
3,13,3,2,8,8,Mosques
0,14,0,7,35121,13008,Mosques
1,14,1,4,7336,1570,Mosques
2,14,2,4,5624,6356,Mosques
3,14,3,3,5193,1008,Mosques
4,14,4,2,657,2941,Mosques
5,14,5,3,391,1568,Mosques
6,14,6,2,49,22,Mosques
7,14,7,3,30,1634,Mosques
8,14,8,2,23,103,Mosques
9,14,9,2,23,107,Mosques
10,14,10,2,23,76,Mosques
11,14,11,2,23,155,Mosques
12,14,12,2,23,118,Mosques
13,14,13,2,23,132,Mosques
14,14,14,2,23,111,Mosques
15,14,15,2,23,124,Mosques
16,14,16,2,19,258,Mosques
17,14,17,2,19,160,Mosques
18,14,18,2,8,0,Mosques
0,15,0,1,1591,9142,Mosques
1,15,1,6,287,312,Mosques
2,15,2,3,55,26,Mosques
3,15,3,1,50,69,Mosques
4,15,4,1,42,68,Mosques
5,15,5,2,38,77,Mosques
6,15,6,5,35,90,Mosques
7,15,7,1,16,45,Mosques
8,15,8,1,9,31,Mosques
9,15,9,1,8,21,Mosques
10,15,10,2,2,17,Mosques
0,16,0,1,1674,337,Mosques
1,16,1,5,384,419,Mosques
2,16,2,5,25,99,Mosques
3,16,3,2,23,69,Mosques
4,16,4,2,21,152,Mosques
5,16,5,2,17,85,Mosques
6,16,6,1,17,86,Mosques
7,16,7,2,14,30,Mosques
8,16,8,1,10,13,Mosques
9,16,9,2,9,31,Mosques
10,16,10,1,8,11,Mosques
11,16,11,1,8,11,Mosques
12,16,12,2,6,38,Mosques
13,16,13,3,3,1,Mosques
0,17,0,1,9144,1456,Mosques
1,17,1,22,2221,2014,Mosques
2,17,2,12,456,447,Mosques
3,17,3,12,396,379,Mosques
4,17,4,3,332,333,Mosques
5,17,5,1,42,42,Mosques
6,17,6,1,42,42,Mosques
7,17,7,2,25,25,Mosques
8,17,8,2,25,25,Mosques
9,17,9,2,23,23,Mosques
10,17,10,1,15,15,Mosques
11,17,11,1,15,15,Mosques
12,17,12,1,15,15,Mosques
13,17,13,1,15,15,Mosques
14,17,14,1,13,13,Mosques
15,17,15,1,12,14,Mosques
16,17,16,1,11,11,Mosques
17,17,17,1,11,11,Mosques
18,17,18,1,11,11,Mosques
19,17,19,1,11,11,Mosques
20,17,20,1,11,11,Mosques
21,17,21,1,11,11,Mosques
22,17,22,2,11,11,Mosques
23,17,23,2,10,10,Mosques
24,17,24,1,10,10,Mosques
25,17,25,1,9,9,Mosques
26,17,26,1,9,9,Mosques
27,17,27,1,9,9,Mosques
28,17,28,2,9,9,Mosques
29,17,29,1,9,9,Mosques
30,17,30,1,9,41,Mosques
31,17,31,1,9,9,Mosques
32,17,32,2,9,9,Mosques
33,17,33,1,9,9,Mosques
34,17,34,1,9,9,Mosques
35,17,35,1,9,9,Mosques
36,17,36,1,9,9,Mosques
37,17,37,1,9,9,Mosques
38,17,38,1,9,9,Mosques
39,17,39,1,9,9,Mosques
40,17,40,1,9,9,Mosques
41,17,41,1,8,8,Mosques
42,17,42,1,8,5,Mosques
43,17,43,1,7,7,Mosques
44,17,44,2,4,4,Mosques
45,17,45,2,4,4,Mosques
0,18,0,56,14049,793,Mosques
1,18,1,8,2403,2479,Mosques
2,18,2,1,1338,700,Mosques
3,18,3,3,635,312,Mosques
4,18,4,7,372,34,Mosques
5,18,5,2,222,109,Mosques
6,18,6,2,222,109,Mosques
7,18,7,1,99,119,Mosques
8,18,8,3,89,96,Mosques
9,18,9,14,84,82,Mosques
10,18,10,14,84,80,Mosques
11,18,11,4,76,1781,Mosques
12,18,12,7,58,70,Mosques
13,18,13,7,58,70,Mosques
14,18,14,1,47,80,Mosques
15,18,15,2,47,80,Mosques
16,18,16,2,47,82,Mosques
17,18,17,3,40,61,Mosques
18,18,18,2,22,349,Mosques
19,18,19,1,21,24,Mosques
20,18,20,1,21,24,Mosques
21,18,21,1,21,24,Mosques
22,18,22,1,21,24,Mosques
23,18,23,1,21,24,Mosques
24,18,24,1,21,24,Mosques
25,18,25,1,21,24,Mosques
26,18,26,1,21,24,Mosques
27,18,27,1,21,24,Mosques
28,18,28,1,21,24,Mosques
29,18,29,1,11,19,Mosques
30,18,30,3,10,15,Mosques
31,18,31,1,9,15,Mosques
32,18,32,2,9,18,Mosques
33,18,33,1,9,15,Mosques
34,18,34,1,9,15,Mosques
35,18,35,1,9,18,Mosques
36,18,36,3,9,17,Mosques
37,18,37,1,9,17,Mosques
38,18,38,1,9,15,Mosques
39,18,39,1,9,15,Mosques
40,18,40,2,9,17,Mosques
41,18,41,1,9,14,Mosques
42,18,42,2,8,16,Mosques
43,18,43,1,8,14,Mosques
44,18,44,1,8,14,Mosques
45,18,45,2,8,11,Mosques
46,18,46,2,8,11,Mosques
47,18,47,1,7,55,Mosques
48,18,48,1,7,56,Mosques
49,18,49,2,7,9,Mosques
50,18,50,1,7,9,Mosques
51,18,51,1,7,10,Mosques
52,18,52,1,7,18,Mosques
53,18,53,1,6,35,Mosques
54,18,54,1,6,66,Mosques
55,18,55,1,6,63,Mosques
56,18,56,1,6,57,Mosques
57,18,57,1,6,65,Mosques
58,18,58,1,6,63,Mosques
59,18,59,1,6,105,Mosques
60,18,60,1,6,485,Mosques
61,18,61,1,6,62,Mosques
62,18,62,1,6,567,Mosques
63,18,63,1,6,64,Mosques
64,18,64,1,6,63,Mosques
65,18,65,1,6,63,Mosques
66,18,66,1,6,63,Mosques
67,18,67,1,6,63,Mosques
68,18,68,1,6,63,Mosques
69,18,69,1,6,63,Mosques
70,18,70,1,6,63,Mosques
71,18,71,1,6,70,Mosques
72,18,72,1,6,326,Mosques
73,18,73,1,6,59,Mosques
74,18,74,1,6,62,Mosques
75,18,75,1,6,55,Mosques
76,18,76,1,6,286,Mosques
77,18,77,1,6,58,Mosques
78,18,78,1,6,59,Mosques
79,18,79,1,6,58,Mosques
80,18,80,1,6,59,Mosques
81,18,81,1,5,56,Mosques
82,18,82,1,5,41,Mosques
83,18,83,1,5,44,Mosques
84,18,84,1,5,55,Mosques
85,18,85,1,5,55,Mosques
86,18,86,1,5,55,Mosques
87,18,87,1,5,55,Mosques
88,18,88,1,5,372,Mosques
89,18,89,1,5,123,Mosques
90,18,90,1,5,200,Mosques
91,18,91,1,5,49,Mosques
92,18,92,1,5,50,Mosques
93,18,93,1,3,53,Mosques
94,18,94,1,3,53,Mosques
95,18,95,1,2,58,Mosques
96,18,96,1,2,175,Mosques
97,18,97,1,1,109,Mosques
98,18,98,2,1,1179,Mosques
0,19,0,1,14436,5073,Mosques
1,19,1,15,2013,2317,Mosques
2,19,2,5,386,694,Mosques
3,19,3,2,211,458,Mosques
4,19,4,1,135,427,Mosques
5,19,5,1,127,426,Mosques
6,19,6,4,119,157,Mosques
7,19,7,1,95,172,Mosques
8,19,8,2,91,206,Mosques
9,19,9,2,88,352,Mosques
10,19,10,2,87,1533,Mosques
11,19,11,6,80,252,Mosques
12,19,12,4,74,456,Mosques
13,19,13,1,63,401,Mosques
14,19,14,2,57,73,Mosques
15,19,15,1,57,276,Mosques
16,19,16,1,53,102,Mosques
17,19,17,2,51,148,Mosques
18,19,18,1,51,102,Mosques
19,19,19,2,50,1686,Mosques
20,19,20,2,48,163,Mosques
21,19,21,2,46,314,Mosques
22,19,22,2,46,138,Mosques
23,19,23,1,43,221,Mosques
24,19,24,1,40,534,Mosques
25,19,25,1,38,483,Mosques
26,19,26,3,29,382,Mosques
27,19,27,4,27,659,Mosques
28,19,28,2,26,223,Mosques
29,19,29,2,24,153,Mosques
30,19,30,2,24,157,Mosques
31,19,31,1,24,59,Mosques
32,19,32,2,24,64,Mosques
33,19,33,1,14,37,Mosques
0,0,0,6,5319,2052,Monasteries
1,0,1,5,779,529,Monasteries
2,0,2,1,676,657,Monasteries
3,0,3,9,509,146,Monasteries
4,0,4,8,217,218,Monasteries
5,0,5,2,184,184,Monasteries
6,0,6,2,164,164,Monasteries
7,0,7,3,138,138,Monasteries
8,0,8,1,130,130,Monasteries
9,0,9,3,128,128,Monasteries
10,0,10,2,117,117,Monasteries
11,0,11,1,113,113,Monasteries
12,0,12,1,111,111,Monasteries
13,0,13,1,96,96,Monasteries
14,0,14,1,78,78,Monasteries
15,0,15,3,46,46,Monasteries
16,0,16,2,44,44,Monasteries
17,0,17,1,44,44,Monasteries
18,0,18,2,37,37,Monasteries
19,0,19,2,36,36,Monasteries
20,0,20,1,35,35,Monasteries
21,0,21,4,34,34,Monasteries
22,0,22,1,34,34,Monasteries
23,0,23,3,32,32,Monasteries
24,0,24,2,30,30,Monasteries
25,0,25,1,27,27,Monasteries
26,0,26,2,26,26,Monasteries
27,0,27,2,25,25,Monasteries
28,0,28,4,25,25,Monasteries
29,0,29,2,25,25,Monasteries
30,0,30,1,25,25,Monasteries
31,0,31,1,23,23,Monasteries
32,0,32,1,5,5,Monasteries
33,0,33,2,4,4,Monasteries
34,0,34,2,4,4,Monasteries
35,0,35,1,4,4,Monasteries
36,0,36,1,3,3,Monasteries
0,1,0,7,13379,4555,Monasteries
1,1,1,7,1824,1374,Monasteries
2,1,2,10,572,251,Monasteries
3,1,3,1,554,532,Monasteries
4,1,4,1,342,472,Monasteries
5,1,5,1,232,233,Monasteries
6,1,6,2,123,153,Monasteries
7,1,7,1,98,136,Monasteries
8,1,8,1,72,90,Monasteries
9,1,9,1,55,70,Monasteries
10,1,10,2,53,83,Monasteries
11,1,11,2,51,163,Monasteries
12,1,12,2,48,79,Monasteries
13,1,13,1,40,72,Monasteries
14,1,14,2,34,268,Monasteries
15,1,15,2,33,489,Monasteries
16,1,16,1,26,67,Monasteries
17,1,17,1,21,223,Monasteries
18,1,18,1,18,23,Monasteries
19,1,19,1,15,17,Monasteries
20,1,20,1,15,15,Monasteries
21,1,21,1,15,248,Monasteries
22,1,22,1,15,226,Monasteries
23,1,23,1,15,25,Monasteries
24,1,24,3,11,51,Monasteries
0,2,0,16,48878,119,Monasteries
1,2,1,10,1467,1757,Monasteries
2,2,2,8,1291,865,Monasteries
3,2,3,5,1053,509,Monasteries
4,2,4,5,926,4499,Monasteries
5,2,5,3,477,1096,Monasteries
6,2,6,3,445,1618,Monasteries
7,2,7,2,417,407,Monasteries
8,2,8,4,372,2908,Monasteries
9,2,9,1,349,691,Monasteries
10,2,10,7,326,276,Monasteries
11,2,11,4,317,422,Monasteries
12,2,12,4,250,172,Monasteries
13,2,13,1,240,1493,Monasteries
14,2,14,1,221,228,Monasteries
15,2,15,1,208,224,Monasteries
16,2,16,1,201,7196,Monasteries
17,2,17,1,189,191,Monasteries
18,2,18,3,167,219,Monasteries
19,2,19,1,166,166,Monasteries
20,2,20,2,150,1939,Monasteries
21,2,21,4,129,166,Monasteries
22,2,22,2,119,129,Monasteries
23,2,23,1,112,118,Monasteries
24,2,24,1,88,84,Monasteries
25,2,25,1,83,90,Monasteries
26,2,26,2,79,139,Monasteries
27,2,27,3,78,3275,Monasteries
28,2,28,2,78,4284,Monasteries
29,2,29,4,78,1563,Monasteries
30,2,30,1,68,64,Monasteries
31,2,31,3,58,21024,Monasteries
32,2,32,1,53,258,Monasteries
33,2,33,2,51,69,Monasteries
34,2,34,2,46,46,Monasteries
35,2,35,3,46,73,Monasteries
36,2,36,3,39,16667,Monasteries
37,2,37,2,39,7862,Monasteries
38,2,38,1,39,42,Monasteries
39,2,39,1,38,60,Monasteries
40,2,40,2,34,53,Monasteries
41,2,41,1,34,37,Monasteries
42,2,42,3,34,268,Monasteries
43,2,43,2,33,42,Monasteries
44,2,44,2,32,117,Monasteries
45,2,45,2,30,75,Monasteries
46,2,46,2,28,294,Monasteries
47,2,47,2,27,201,Monasteries
48,2,48,1,26,186,Monasteries
49,2,49,1,26,189,Monasteries
50,2,50,2,25,43,Monasteries
51,2,51,1,24,27,Monasteries
52,2,52,3,22,34,Monasteries
53,2,53,1,22,29,Monasteries
54,2,54,1,20,36,Monasteries
55,2,55,2,20,21,Monasteries
56,2,56,1,20,68,Monasteries
57,2,57,1,19,49,Monasteries
58,2,58,2,18,5626,Monasteries
59,2,59,1,18,35,Monasteries
60,2,60,2,17,97,Monasteries
61,2,61,1,16,92,Monasteries
62,2,62,2,16,47,Monasteries
63,2,63,1,15,15,Monasteries
64,2,64,2,13,107,Monasteries
65,2,65,1,12,41,Monasteries
66,2,66,1,5,108,Monasteries
67,2,67,2,5,107,Monasteries
68,2,68,4,5,6808,Monasteries
0,3,0,10,36967,10816,Monasteries
1,3,1,20,2004,1358,Monasteries
2,3,2,7,1479,1588,Monasteries
3,3,3,6,593,579,Monasteries
4,3,4,1,255,269,Monasteries
5,3,5,5,189,205,Monasteries
6,3,6,1,171,172,Monasteries
7,3,7,3,164,165,Monasteries
8,3,8,6,164,216,Monasteries
9,3,9,1,143,553,Monasteries
10,3,10,2,129,130,Monasteries
11,3,11,1,114,114,Monasteries
12,3,12,1,113,407,Monasteries
13,3,13,1,111,106,Monasteries
14,3,14,5,102,141,Monasteries
15,3,15,2,82,489,Monasteries
16,3,16,2,78,105,Monasteries
17,3,17,1,61,125,Monasteries
18,3,18,1,52,70,Monasteries
19,3,19,3,49,51,Monasteries
20,3,20,2,47,483,Monasteries
21,3,21,2,33,352,Monasteries
22,3,22,2,24,292,Monasteries
23,3,23,1,22,22,Monasteries
24,3,24,1,22,22,Monasteries
25,3,25,1,22,22,Monasteries
26,3,26,1,22,22,Monasteries
27,3,27,1,22,22,Monasteries
28,3,28,1,20,20,Monasteries
29,3,29,1,20,11,Monasteries
30,3,30,1,19,11,Monasteries
31,3,31,1,19,19,Monasteries
32,3,32,1,19,8,Monasteries
33,3,33,1,18,25869,Monasteries
34,3,34,1,18,18,Monasteries
35,3,35,1,18,7,Monasteries
36,3,36,1,18,42950,Monasteries
37,3,37,1,18,18,Monasteries
38,3,38,2,18,19,Monasteries
0,4,0,5,45710,6761,Monasteries
1,4,1,1,1280,2453,Monasteries
2,4,2,8,896,2368,Monasteries
3,4,3,5,633,1619,Monasteries
4,4,4,1,506,629,Monasteries
5,4,5,1,501,502,Monasteries
6,4,6,2,483,621,Monasteries
7,4,7,5,337,746,Monasteries
8,4,8,5,327,748,Monasteries
9,4,9,3,248,375,Monasteries
10,4,10,2,241,631,Monasteries
11,4,11,4,156,1542,Monasteries
12,4,12,5,152,1077,Monasteries
13,4,13,7,138,1343,Monasteries
14,4,14,4,134,2213,Monasteries
15,4,15,1,111,113,Monasteries
16,4,16,3,107,2094,Monasteries
17,4,17,1,75,849,Monasteries
18,4,18,1,64,169,Monasteries
19,4,19,2,64,2627,Monasteries
20,4,20,1,63,337,Monasteries
21,4,21,2,56,2206,Monasteries
22,4,22,1,41,91,Monasteries
23,4,23,2,35,474,Monasteries
24,4,24,6,34,1114,Monasteries
25,4,25,1,28,452,Monasteries
26,4,26,1,25,168,Monasteries
27,4,27,4,24,165,Monasteries
28,4,28,1,21,102,Monasteries
29,4,29,2,21,375,Monasteries
30,4,30,2,21,656,Monasteries
31,4,31,2,20,50,Monasteries
32,4,32,3,19,75,Monasteries
33,4,33,3,17,64,Monasteries
34,4,34,5,17,59,Monasteries
35,4,35,2,17,137,Monasteries
36,4,36,2,11,20,Monasteries
37,4,37,2,9,19,Monasteries
0,5,0,4,6333,1944,Monasteries
1,5,1,1,487,487,Monasteries
2,5,2,5,312,174,Monasteries
3,5,3,1,247,247,Monasteries
4,5,4,7,228,74,Monasteries
5,5,5,9,164,54,Monasteries
6,5,6,2,101,101,Monasteries
7,5,7,1,100,100,Monasteries
8,5,8,1,88,88,Monasteries
9,5,9,1,79,61,Monasteries
10,5,10,5,73,22,Monasteries
11,5,11,1,66,66,Monasteries
12,5,12,1,64,41,Monasteries
13,5,13,2,27,27,Monasteries
14,5,14,1,23,23,Monasteries
15,5,15,1,21,21,Monasteries
16,5,16,2,19,19,Monasteries
17,5,17,2,17,17,Monasteries
18,5,18,4,16,16,Monasteries
19,5,19,2,15,15,Monasteries
20,5,20,2,13,13,Monasteries
21,5,21,3,13,13,Monasteries
22,5,22,1,13,13,Monasteries
23,5,23,1,13,13,Monasteries
24,5,24,4,12,10,Monasteries
25,5,25,1,12,12,Monasteries
26,5,26,1,9,9,Monasteries
27,5,27,2,9,9,Monasteries
28,5,28,1,8,8,Monasteries
29,5,29,1,8,8,Monasteries
30,5,30,2,7,7,Monasteries
31,5,31,1,7,7,Monasteries
32,5,32,1,7,7,Monasteries
0,6,0,1,424,424,Monasteries
1,6,1,18,331,424,Monasteries
2,6,2,3,198,197,Monasteries
3,6,3,10,58,57,Monasteries
4,6,4,2,45,45,Monasteries
5,6,5,2,44,44,Monasteries
6,6,6,1,38,39,Monasteries
7,6,7,1,37,37,Monasteries
8,6,8,4,35,35,Monasteries
9,6,9,4,35,35,Monasteries
10,6,10,2,33,33,Monasteries
11,6,11,1,33,33,Monasteries
12,6,12,2,32,31,Monasteries
13,6,13,2,26,26,Monasteries
14,6,14,2,26,23,Monasteries
15,6,15,1,24,24,Monasteries
16,6,16,3,23,23,Monasteries
17,6,17,2,22,22,Monasteries
18,6,18,2,22,22,Monasteries
19,6,19,2,22,22,Monasteries
20,6,20,1,20,20,Monasteries
21,6,21,3,18,18,Monasteries
22,6,22,3,18,18,Monasteries
23,6,23,4,18,18,Monasteries
24,6,24,2,17,17,Monasteries
25,6,25,3,16,16,Monasteries
26,6,26,1,15,15,Monasteries
27,6,27,2,15,15,Monasteries
28,6,28,1,15,15,Monasteries
29,6,29,2,14,14,Monasteries
30,6,30,1,13,13,Monasteries
31,6,31,1,12,12,Monasteries
32,6,32,2,11,11,Monasteries
33,6,33,2,11,11,Monasteries
34,6,34,1,11,11,Monasteries
35,6,35,2,10,10,Monasteries
36,6,36,1,9,9,Monasteries
37,6,37,3,9,9,Monasteries
38,6,38,1,9,9,Monasteries
39,6,39,1,8,8,Monasteries
40,6,40,1,8,8,Monasteries
41,6,41,3,6,6,Monasteries
42,6,42,3,6,6,Monasteries
43,6,43,1,6,5,Monasteries
44,6,44,2,5,5,Monasteries
45,6,45,1,4,4,Monasteries
46,6,46,1,4,4,Monasteries
47,6,47,2,4,4,Monasteries
48,6,48,1,4,4,Monasteries
49,6,49,1,3,3,Monasteries
0,7,0,18,82698,47,Monasteries
1,7,1,2,1659,3145,Monasteries
2,7,2,13,996,3069,Monasteries
3,7,3,3,813,2094,Monasteries
4,7,4,2,756,412,Monasteries
5,7,5,1,579,609,Monasteries
6,7,6,3,502,482,Monasteries
7,7,7,3,318,446,Monasteries
8,7,8,1,279,707,Monasteries
9,7,9,5,265,4476,Monasteries
10,7,10,3,248,463,Monasteries
11,7,11,3,240,130,Monasteries
12,7,12,3,239,280,Monasteries
13,7,13,4,231,447,Monasteries
14,7,14,6,230,191,Monasteries
15,7,15,1,219,1589,Monasteries
16,7,16,2,186,572,Monasteries
17,7,17,5,155,658,Monasteries
18,7,18,8,154,664,Monasteries
19,7,19,3,153,145,Monasteries
20,7,20,3,138,189,Monasteries
21,7,21,2,130,968,Monasteries
22,7,22,3,123,367,Monasteries
23,7,23,1,122,125,Monasteries
24,7,24,1,120,121,Monasteries
25,7,25,2,119,158,Monasteries
26,7,26,4,117,20133,Monasteries
27,7,27,2,115,119,Monasteries
28,7,28,4,109,299,Monasteries
29,7,29,1,99,94,Monasteries
30,7,30,2,96,1366,Monasteries
31,7,31,1,80,81,Monasteries
32,7,32,2,73,75,Monasteries
33,7,33,3,71,3143,Monasteries
34,7,34,1,60,1720,Monasteries
35,7,35,1,51,137,Monasteries
36,7,36,2,45,46,Monasteries
37,7,37,1,45,77,Monasteries
38,7,38,2,41,552,Monasteries
39,7,39,1,39,390,Monasteries
40,7,40,1,39,99,Monasteries
41,7,41,2,36,45,Monasteries
42,7,42,1,35,84,Monasteries
43,7,43,2,35,285,Monasteries
44,7,44,1,34,396,Monasteries
45,7,45,1,33,433,Monasteries
46,7,46,1,32,67,Monasteries
47,7,47,1,32,32,Monasteries
48,7,48,1,29,126,Monasteries
49,7,49,1,29,87,Monasteries
50,7,50,1,28,30,Monasteries
51,7,51,2,28,11093,Monasteries
52,7,52,1,26,2352,Monasteries
53,7,53,1,24,44,Monasteries
54,7,54,1,18,28,Monasteries
55,7,55,1,17,26,Monasteries
56,7,56,1,17,1648,Monasteries
57,7,57,2,15,16,Monasteries
58,7,58,1,11,53,Monasteries
0,8,0,3,2999,936,Monasteries
1,8,1,3,296,480,Monasteries
2,8,2,2,237,285,Monasteries
3,8,3,3,129,437,Monasteries
4,8,4,9,119,79,Monasteries
5,8,5,4,117,167,Monasteries
6,8,6,2,103,119,Monasteries
7,8,7,3,87,106,Monasteries
8,8,8,3,80,107,Monasteries
9,8,9,3,51,72,Monasteries
10,8,10,5,44,204,Monasteries
11,8,11,5,44,120,Monasteries
12,8,12,4,41,54,Monasteries
13,8,13,2,38,48,Monasteries
14,8,14,1,34,177,Monasteries
15,8,15,3,33,64,Monasteries
16,8,16,4,33,95,Monasteries
17,8,17,1,27,36,Monasteries
18,8,18,1,25,36,Monasteries
19,8,19,1,25,31,Monasteries
20,8,20,2,24,37,Monasteries
21,8,21,5,17,103,Monasteries
22,8,22,2,16,136,Monasteries
23,8,23,1,14,45,Monasteries
24,8,24,1,14,18,Monasteries
25,8,25,4,14,212,Monasteries
26,8,26,2,13,32,Monasteries
27,8,27,1,12,16,Monasteries
28,8,28,1,10,17,Monasteries
29,8,29,1,8,20,Monasteries
0,9,0,2,37914,15947,Monasteries
1,9,1,4,1904,1992,Monasteries
2,9,2,6,1466,474,Monasteries
3,9,3,13,922,780,Monasteries
4,9,4,4,913,616,Monasteries
5,9,5,3,909,891,Monasteries
6,9,6,4,795,1296,Monasteries
7,9,7,2,464,806,Monasteries
8,9,8,8,431,946,Monasteries
9,9,9,2,427,1459,Monasteries
10,9,10,1,382,997,Monasteries
11,9,11,1,375,705,Monasteries
12,9,12,2,316,1803,Monasteries
13,9,13,2,252,304,Monasteries
14,9,14,5,154,381,Monasteries
15,9,15,1,115,120,Monasteries
16,9,16,1,106,198,Monasteries
17,9,17,1,88,378,Monasteries
18,9,18,4,49,1033,Monasteries
19,9,19,3,44,284,Monasteries
20,9,20,1,38,155,Monasteries
21,9,21,2,36,317,Monasteries
22,9,22,2,36,269,Monasteries
23,9,23,2,34,741,Monasteries
24,9,24,1,30,422,Monasteries
25,9,25,1,30,309,Monasteries
26,9,26,1,29,249,Monasteries
27,9,27,1,27,198,Monasteries
28,9,28,1,23,32,Monasteries
29,9,29,1,22,147,Monasteries
30,9,30,4,21,1739,Monasteries
31,9,31,2,19,496,Monasteries
32,9,32,3,19,795,Monasteries
33,9,33,1,7,7,Monasteries
34,9,34,2,5,604,Monasteries
0,10,0,3,2487,370,Monasteries
1,10,1,1,299,316,Monasteries
2,10,2,5,223,222,Monasteries
3,10,3,16,204,92,Monasteries
4,10,4,2,42,51,Monasteries
5,10,5,1,29,33,Monasteries
6,10,6,2,29,36,Monasteries
7,10,7,2,25,35,Monasteries
8,10,8,1,24,27,Monasteries
9,10,9,2,23,32,Monasteries
10,10,10,1,23,27,Monasteries
11,10,11,1,22,25,Monasteries
12,10,12,1,21,25,Monasteries
13,10,13,1,20,27,Monasteries
14,10,14,1,18,20,Monasteries
15,10,15,1,14,20,Monasteries
16,10,16,1,14,18,Monasteries
17,10,17,2,14,23,Monasteries
18,10,18,2,13,22,Monasteries
19,10,19,1,13,17,Monasteries
20,10,20,1,13,18,Monasteries
21,10,21,1,13,16,Monasteries
22,10,22,2,11,96,Monasteries
23,10,23,3,10,80,Monasteries
24,10,24,1,10,62,Monasteries
25,10,25,2,10,80,Monasteries
26,10,26,3,9,98,Monasteries
27,10,27,1,9,70,Monasteries
28,10,28,1,9,10,Monasteries
29,10,29,1,9,72,Monasteries
30,10,30,2,7,22,Monasteries
31,10,31,2,6,386,Monasteries
32,10,32,1,6,6,Monasteries
33,10,33,2,6,45,Monasteries
34,10,34,2,3,36,Monasteries
0,11,0,11,18254,153,Monasteries
1,11,1,2,1313,795,Monasteries
2,11,2,1,732,704,Monasteries
3,11,3,3,570,378,Monasteries
4,11,4,12,499,310,Monasteries
5,11,5,3,269,159,Monasteries
6,11,6,1,216,195,Monasteries
7,11,7,1,161,184,Monasteries
8,11,8,2,113,89,Monasteries
9,11,9,2,112,178,Monasteries
10,11,10,2,111,277,Monasteries
11,11,11,2,108,118,Monasteries
12,11,12,2,94,590,Monasteries
13,11,13,3,82,115,Monasteries
14,11,14,1,54,253,Monasteries
15,11,15,2,47,82,Monasteries
16,11,16,1,44,59,Monasteries
17,11,17,1,32,39,Monasteries
18,11,18,4,32,72,Monasteries
19,11,19,2,28,370,Monasteries
20,11,20,5,17,146,Monasteries
21,11,21,1,16,59,Monasteries
22,11,22,1,8,31,Monasteries
23,11,23,3,6,56,Monasteries
24,11,24,4,6,80,Monasteries
0,12,0,8,36278,13256,Monasteries
1,12,1,1,3906,3903,Monasteries
2,12,2,15,3654,5364,Monasteries
3,12,3,1,2418,2352,Monasteries
4,12,4,9,2031,892,Monasteries
5,12,5,2,1125,2368,Monasteries
6,12,6,7,1068,3263,Monasteries
7,12,7,1,706,960,Monasteries
8,12,8,3,697,1087,Monasteries
9,12,9,3,616,1013,Monasteries
10,12,10,2,538,597,Monasteries
11,12,11,1,363,373,Monasteries
12,12,12,1,342,351,Monasteries
13,12,13,2,310,940,Monasteries
14,12,14,3,308,397,Monasteries
15,12,15,1,282,309,Monasteries
16,12,16,1,212,409,Monasteries
17,12,17,1,194,527,Monasteries
18,12,18,4,158,310,Monasteries
19,12,19,5,128,936,Monasteries
20,12,20,4,127,4955,Monasteries
21,12,21,4,118,1052,Monasteries
22,12,22,2,116,351,Monasteries
23,12,23,1,111,250,Monasteries
24,12,24,1,103,280,Monasteries
25,12,25,2,102,380,Monasteries
26,12,26,2,99,105,Monasteries
27,12,27,2,97,374,Monasteries
28,12,28,2,96,366,Monasteries
29,12,29,2,94,365,Monasteries
30,12,30,2,91,206,Monasteries
31,12,31,2,89,217,Monasteries
32,12,32,3,88,929,Monasteries
33,12,33,2,81,139,Monasteries
34,12,34,2,79,1449,Monasteries
35,12,35,3,70,673,Monasteries
36,12,36,2,66,192,Monasteries
37,12,37,1,63,270,Monasteries
38,12,38,2,63,90,Monasteries
39,12,39,2,62,94,Monasteries
40,12,40,1,60,73,Monasteries
41,12,41,1,59,65,Monasteries
42,12,42,4,56,173,Monasteries
43,12,43,1,55,152,Monasteries
44,12,44,2,55,144,Monasteries
45,12,45,3,53,1,Monasteries
46,12,46,1,52,67,Monasteries
47,12,47,1,46,90,Monasteries
48,12,48,2,42,231,Monasteries
49,12,49,1,41,265,Monasteries
50,12,50,1,40,255,Monasteries
51,12,51,1,40,78,Monasteries
52,12,52,1,34,63,Monasteries
53,12,53,1,34,50,Monasteries
54,12,54,1,33,40,Monasteries
55,12,55,1,29,3684,Monasteries
56,12,56,2,28,470,Monasteries
57,12,57,1,27,3800,Monasteries
58,12,58,3,27,81,Monasteries
59,12,59,1,27,3402,Monasteries
60,12,60,1,25,2666,Monasteries
61,12,61,2,25,215,Monasteries
62,12,62,1,25,45,Monasteries
63,12,63,1,24,3481,Monasteries
64,12,64,1,24,2917,Monasteries
65,12,65,1,24,2878,Monasteries
66,12,66,2,24,4814,Monasteries
67,12,67,2,24,4686,Monasteries
68,12,68,1,24,3474,Monasteries
69,12,69,1,23,3519,Monasteries
70,12,70,1,22,2674,Monasteries
71,12,71,4,21,99,Monasteries
72,12,72,3,19,79,Monasteries
73,12,73,1,17,39,Monasteries
0,13,0,2,1958,354,Monasteries
1,13,1,3,344,635,Monasteries
2,13,2,3,276,245,Monasteries
3,13,3,11,128,654,Monasteries
4,13,4,10,106,663,Monasteries
5,13,5,1,88,115,Monasteries
6,13,6,2,56,99,Monasteries
7,13,7,2,50,619,Monasteries
8,13,8,2,42,27,Monasteries
9,13,9,1,31,36,Monasteries
10,13,10,2,24,42,Monasteries
11,13,11,1,23,95,Monasteries
12,13,12,2,23,39,Monasteries
13,13,13,1,23,28,Monasteries
14,13,14,1,20,38,Monasteries
15,13,15,1,18,35,Monasteries
16,13,16,2,17,35,Monasteries
17,13,17,2,17,186,Monasteries
18,13,18,1,16,104,Monasteries
19,13,19,2,16,23,Monasteries
20,13,20,1,15,103,Monasteries
21,13,21,1,15,26,Monasteries
22,13,22,1,15,116,Monasteries
23,13,23,1,15,105,Monasteries
24,13,24,2,15,139,Monasteries
25,13,25,1,15,73,Monasteries
26,13,26,1,14,92,Monasteries
27,13,27,1,14,24,Monasteries
28,13,28,2,13,129,Monasteries
29,13,29,3,11,39,Monasteries
0,14,0,2,55622,9484,Monasteries
1,14,1,6,3805,3765,Monasteries
2,14,2,1,3352,5884,Monasteries
3,14,3,3,2260,7170,Monasteries
4,14,4,1,2119,2134,Monasteries
5,14,5,3,2089,2085,Monasteries
6,14,6,1,1958,1996,Monasteries
7,14,7,3,1407,2807,Monasteries
8,14,8,1,1115,1119,Monasteries
9,14,9,1,411,504,Monasteries
10,14,10,2,377,915,Monasteries
11,14,11,1,240,647,Monasteries
12,14,12,2,205,581,Monasteries
13,14,13,4,168,1609,Monasteries
14,14,14,1,143,473,Monasteries
0,15,0,12,1161,597,Monasteries
1,15,1,7,408,291,Monasteries
2,15,2,1,194,194,Monasteries
3,15,3,19,162,59,Monasteries
4,15,4,2,54,54,Monasteries
5,15,5,7,36,36,Monasteries
6,15,6,4,36,36,Monasteries
7,15,7,2,34,16,Monasteries
8,15,8,4,33,33,Monasteries
9,15,9,4,29,29,Monasteries
10,15,10,5,21,21,Monasteries
11,15,11,3,20,20,Monasteries
12,15,12,2,16,16,Monasteries
13,15,13,2,16,15,Monasteries
14,15,14,4,15,15,Monasteries
15,15,15,2,15,15,Monasteries
16,15,16,7,14,14,Monasteries
17,15,17,2,12,12,Monasteries
18,15,18,4,11,11,Monasteries
19,15,19,4,10,10,Monasteries
20,15,20,4,10,10,Monasteries
21,15,21,5,8,8,Monasteries
22,15,22,3,8,8,Monasteries
23,15,23,3,8,8,Monasteries
24,15,24,3,8,8,Monasteries
25,15,25,2,7,7,Monasteries
26,15,26,3,7,7,Monasteries
27,15,27,3,7,7,Monasteries
28,15,28,2,7,7,Monasteries
29,15,29,2,6,6,Monasteries
30,15,30,5,5,5,Monasteries
31,15,31,1,5,5,Monasteries
32,15,32,4,4,4,Monasteries
33,15,33,1,4,4,Monasteries
34,15,34,1,4,4,Monasteries
35,15,35,1,4,4,Monasteries
36,15,36,1,4,4,Monasteries
37,15,37,1,4,4,Monasteries
38,15,38,3,4,4,Monasteries
39,15,39,3,1,1,Monasteries
40,15,40,2,1,1,Monasteries
41,15,41,1,1,1,Monasteries
0,16,0,6,63812,229,Monasteries
1,16,1,9,3905,2971,Monasteries
2,16,2,4,1944,1652,Monasteries
3,16,3,2,886,887,Monasteries
4,16,4,4,852,1460,Monasteries
5,16,5,2,647,687,Monasteries
6,16,6,2,585,616,Monasteries
7,16,7,2,525,452,Monasteries
8,16,8,6,523,884,Monasteries
9,16,9,5,522,552,Monasteries
10,16,10,3,459,795,Monasteries
11,16,11,7,438,338,Monasteries
12,16,12,4,397,388,Monasteries
13,16,13,3,371,1390,Monasteries
14,16,14,3,323,338,Monasteries
15,16,15,6,260,246,Monasteries
16,16,16,1,254,203,Monasteries
17,16,17,1,245,181,Monasteries
18,16,18,4,201,239,Monasteries
19,16,19,3,200,334,Monasteries
20,16,20,3,156,407,Monasteries
21,16,21,2,125,131,Monasteries
22,16,22,2,69,241,Monasteries
23,16,23,2,63,210,Monasteries
24,16,24,1,60,1087,Monasteries
25,16,25,1,48,1096,Monasteries
26,16,26,1,46,1215,Monasteries
27,16,27,1,45,955,Monasteries
28,16,28,1,32,788,Monasteries
29,16,29,1,29,800,Monasteries
30,16,30,2,15,4,Monasteries
0,17,0,2,3284,1231,Monasteries
1,17,1,4,769,574,Monasteries
2,17,2,2,159,561,Monasteries
3,17,3,17,144,224,Monasteries
4,17,4,2,104,333,Monasteries
5,17,5,1,28,29,Monasteries
6,17,6,1,25,25,Monasteries
7,17,7,1,17,26,Monasteries
8,17,8,1,17,29,Monasteries
9,17,9,1,16,28,Monasteries
10,17,10,1,16,28,Monasteries
11,17,11,1,15,26,Monasteries
12,17,12,1,14,26,Monasteries
13,17,13,1,14,25,Monasteries
14,17,14,1,14,26,Monasteries
15,17,15,1,14,25,Monasteries
16,17,16,1,14,25,Monasteries
17,17,17,1,14,26,Monasteries
18,17,18,1,14,25,Monasteries
19,17,19,1,13,24,Monasteries
20,17,20,1,13,24,Monasteries
21,17,21,1,12,24,Monasteries
22,17,22,1,12,24,Monasteries
0,18,0,6,14635,5029,Monasteries
1,18,1,2,2427,4001,Monasteries
2,18,2,4,999,1060,Monasteries
3,18,3,11,856,517,Monasteries
4,18,4,5,574,574,Monasteries
5,18,5,1,501,504,Monasteries
6,18,6,1,481,545,Monasteries
7,18,7,1,360,373,Monasteries
8,18,8,1,279,304,Monasteries
9,18,9,3,271,271,Monasteries
10,18,10,6,239,3624,Monasteries
11,18,11,1,234,236,Monasteries
12,18,12,2,232,282,Monasteries
13,18,13,2,217,249,Monasteries
14,18,14,4,199,438,Monasteries
15,18,15,1,181,292,Monasteries
16,18,16,2,180,391,Monasteries
17,18,17,1,178,202,Monasteries
18,18,18,4,172,3698,Monasteries
19,18,19,1,107,114,Monasteries
20,18,20,1,105,120,Monasteries
21,18,21,1,98,430,Monasteries
22,18,22,5,93,4190,Monasteries
23,18,23,1,92,107,Monasteries
24,18,24,1,90,108,Monasteries
25,18,25,1,88,104,Monasteries
26,18,26,1,86,105,Monasteries
27,18,27,3,86,434,Monasteries
28,18,28,2,83,832,Monasteries
29,18,29,1,58,129,Monasteries
30,18,30,2,52,660,Monasteries
31,18,31,1,50,106,Monasteries
32,18,32,3,44,606,Monasteries
33,18,33,2,32,107,Monasteries
34,18,34,3,25,3750,Monasteries
35,18,35,2,25,4932,Monasteries
36,18,36,3,15,205,Monasteries
